Date,Content
2023-03-19,https://boxd.it/3ZWSS1
2023-10-31,https://boxd.it/3bXnhP
2024-01-15,https://boxd.it/5xlmNj
2024-02-08,https://boxd.it/5HtJYv
2024-02-11,https://boxd.it/7bMRR
2024-02-12,https://boxd.it/cTBfl
2024-02-12,https://boxd.it/4Q0wL9
2024-02-17,https://boxd.it/5dgPnJ
2024-02-17,https://boxd.it/5hTm3J
2024-02-17,https://boxd.it/5ilPOb
2024-02-18,https://boxd.it/ibuvx
2024-02-18,https://boxd.it/hjTI9
2024-02-18,https://boxd.it/ifSxP
2024-02-18,https://boxd.it/3sNEZ3
2024-02-28,https://boxd.it/x5o3b
2024-02-28,https://boxd.it/124WJR
2024-03-01,https://boxd.it/3YlBc5
2024-03-02,https://boxd.it/4ZyDQT
2024-03-02,https://boxd.it/m7ZL5
2024-03-02,https://boxd.it/3igkYN
2024-03-02,https://boxd.it/3iatzl
2024-03-02,https://boxd.it/3iz8hZ
2024-03-02,https://boxd.it/3mHiKf
2024-03-02,https://boxd.it/3gMdz3
2024-03-02,https://boxd.it/3fbOAJ
2024-03-02,https://boxd.it/3b8Bx1
2024-03-02,https://boxd.it/3bfvSr
2024-03-02,https://boxd.it/363GV3
2024-03-02,https://boxd.it/32YZqr
2024-03-02,https://boxd.it/2XVZS5
2024-03-02,https://boxd.it/2Vl6RB
2024-03-02,https://boxd.it/2US6hZ
2024-03-02,https://boxd.it/2FIk25
2024-03-02,https://boxd.it/36B8df
2024-03-02,https://boxd.it/35UYhH
2024-03-02,https://boxd.it/7Bbid
2024-03-02,https://boxd.it/9iV6n
2024-03-02,https://boxd.it/9qlkT
2024-03-03,https://boxd.it/5SLoij
2024-03-03,https://boxd.it/5V5wEv
2024-03-03,https://boxd.it/5nFeDl
2024-03-03,https://boxd.it/5n4Jx5
2024-03-05,https://boxd.it/4pqvIH
2024-03-05,https://boxd.it/4AFe1P
2024-03-11,https://boxd.it/1kvBbP
2024-03-11,https://boxd.it/3UfFRD
2024-03-11,https://boxd.it/1IENgr
2024-03-11,https://boxd.it/5kX72V
2024-03-11,https://boxd.it/1Q0n0p
2024-03-12,https://boxd.it/2nw2dt
2024-03-12,https://boxd.it/2lG25L
2024-03-14,https://boxd.it/mcJGj
2024-03-16,https://boxd.it/5lf3kn
2024-03-16,https://boxd.it/5jl6u5
2024-03-16,https://boxd.it/5prxbb
2024-03-16,https://boxd.it/5hZI0J
2024-03-18,https://boxd.it/1UW6pT
2024-03-23,https://boxd.it/57WAaZ
2024-03-23,https://boxd.it/58wFt5
2024-03-24,https://boxd.it/4Qn5k7
2024-03-24,https://boxd.it/51fwar
2024-03-24,https://boxd.it/bsypz
2024-03-24,https://boxd.it/DAxRb
2024-03-24,https://boxd.it/NUWRZ
2024-03-25,https://boxd.it/1bgKc7
2024-03-25,https://boxd.it/17cw4f
2024-03-25,https://boxd.it/duQYJ
2024-03-25,https://boxd.it/1lCcl9
2024-03-25,https://boxd.it/X8X2d
2024-03-25,https://boxd.it/1FqROH
2024-03-25,https://boxd.it/71GuR
2024-03-25,https://boxd.it/o1M3F
2024-03-25,https://boxd.it/9meQZ
2024-03-25,https://boxd.it/zkNp5
2024-03-25,https://boxd.it/4M6atj
2024-03-25,https://boxd.it/1M7Gq5
2024-03-25,https://boxd.it/1BeNDl
2024-03-25,https://boxd.it/WNWuN
2024-03-25,https://boxd.it/svX8n
2024-03-25,https://boxd.it/2QzuwF
2024-03-25,https://boxd.it/ESjqv
2024-03-25,https://boxd.it/9X4hT
2024-03-25,https://boxd.it/1Xroyf
2024-03-25,https://boxd.it/4msYYV
2024-03-25,https://boxd.it/2QztON
2024-03-25,https://boxd.it/2h3vdb
2024-03-25,https://boxd.it/1vCjL
2024-03-25,https://boxd.it/S4LFz
2024-03-25,https://boxd.it/3Z48zz
2024-03-25,https://boxd.it/3Z244t
2024-03-25,https://boxd.it/2dYIKZ
2024-03-25,https://boxd.it/iFJfJ
2024-03-25,https://boxd.it/1JAeaf
2024-03-25,https://boxd.it/1Xx5sT
2024-03-25,https://boxd.it/24i3iZ
2024-03-25,https://boxd.it/63fkpv
2024-03-25,https://boxd.it/znqsB
2024-03-25,https://boxd.it/4PapJB
2024-03-25,https://boxd.it/1sOgiZ
2024-03-25,https://boxd.it/2yB1KP
2024-03-25,https://boxd.it/IYWo7
2024-03-26,https://boxd.it/Juind
2024-03-26,https://boxd.it/J6lzD
2024-03-26,https://boxd.it/1J3Yx9
2024-03-26,https://boxd.it/JIWe9
2024-03-26,https://boxd.it/2Iy0Ob
2024-03-26,https://boxd.it/2JKnyX
2024-03-26,https://boxd.it/2IbVS9
2024-03-26,https://boxd.it/2MyibH
2024-03-26,https://boxd.it/2H99At
2024-03-26,https://boxd.it/2IbILT
2024-03-26,https://boxd.it/2bQHhD
2024-03-26,https://boxd.it/2bRFOH
2024-03-26,https://boxd.it/2cW0NH
2024-03-26,https://boxd.it/282BRD
2024-03-26,https://boxd.it/28aZTT
2024-03-26,https://boxd.it/2dcfmD
2024-03-27,https://boxd.it/3bDZiV
2024-03-27,https://boxd.it/3ka8Sz
2024-03-27,https://boxd.it/2IdX6v
2024-03-28,https://boxd.it/5fwXu9
2024-03-28,https://boxd.it/5kAHhh
2024-03-28,https://boxd.it/5hPWBf
2024-03-28,https://boxd.it/5jw0Rp
2024-03-29,https://boxd.it/2jgjkX
2024-03-29,https://boxd.it/2iuMHF
2024-03-29,https://boxd.it/2jl80H
2024-04-01,https://boxd.it/3Vcos5
2024-04-01,https://boxd.it/3TMubN
2024-04-01,https://boxd.it/3Vz1JX
2024-04-04,https://boxd.it/4HrgDV
2024-04-04,https://boxd.it/4Imn2L
2024-04-04,https://boxd.it/4Im6qL
2024-04-04,https://boxd.it/4IDgZv
2024-04-04,https://boxd.it/4HX55R
2024-04-05,https://boxd.it/1c6Jp
2024-04-05,https://boxd.it/2pNQOB
2024-04-05,https://boxd.it/4kGWS7
2024-04-06,https://boxd.it/JKoaL
2024-04-06,https://boxd.it/fqsLB
2024-04-06,https://boxd.it/JiVbr
2024-04-06,https://boxd.it/K8N6H
2024-04-06,https://boxd.it/iuyUJ
2024-04-06,https://boxd.it/1GoUFX
2024-04-06,https://boxd.it/1WFuxV
2024-04-08,https://boxd.it/3Bytx
2024-04-08,https://boxd.it/1nmBWZ
2024-04-08,https://boxd.it/1T1DkJ
2024-04-08,https://boxd.it/EJSZn
2024-04-08,https://boxd.it/11OLd
2024-04-08,https://boxd.it/4fTOB
2024-04-08,https://boxd.it/25om0h
2024-04-08,https://boxd.it/1mBWDb
2024-04-08,https://boxd.it/5okk9
2024-04-08,https://boxd.it/3amnnl
2024-04-08,https://boxd.it/2h0yEN
2024-04-12,https://boxd.it/4P0yjR
2024-04-12,https://boxd.it/5tI5ln
2024-04-12,https://boxd.it/5M7vd7
2024-04-12,https://boxd.it/5Mbzff
2024-04-13,https://boxd.it/wNB2p
2024-04-13,https://boxd.it/5j33l
2024-04-13,https://boxd.it/1PVwqr
2024-04-13,https://boxd.it/2wPaX
2024-04-13,https://boxd.it/v2JMn
2024-04-15,https://boxd.it/69I7kp
2024-04-15,https://boxd.it/6f4S5P
2024-04-15,https://boxd.it/6f4piv
2024-04-15,https://boxd.it/5eaQJX
2024-04-15,https://boxd.it/4YXWjZ
2024-04-15,https://boxd.it/5lXJZv
2024-04-15,https://boxd.it/5c7JmD
2024-04-15,https://boxd.it/5aL0Yp
2024-04-15,https://boxd.it/5fsyIR
2024-04-15,https://boxd.it/5Hsfxd
2024-04-15,https://boxd.it/4SVfDp
2024-04-15,https://boxd.it/5avE8V
2024-04-15,https://boxd.it/5ciQ8l
2024-04-15,https://boxd.it/5djMmJ
2024-04-15,https://boxd.it/5cUzzl
2024-04-15,https://boxd.it/5aYVLj
2024-04-15,https://boxd.it/5a9yXp
2024-04-15,https://boxd.it/5cC0gR
2024-04-15,https://boxd.it/5cVYD5
2024-04-19,https://boxd.it/2M1vZz
2024-04-19,https://boxd.it/4cI2Z
2024-04-19,https://boxd.it/a5PO7
2024-04-19,https://boxd.it/6eS8bX
2024-04-19,https://boxd.it/1CBtdx
2024-04-19,https://boxd.it/1PxJPr
2024-04-19,https://boxd.it/yV2b1
2024-04-19,https://boxd.it/lj9il
2024-04-19,https://boxd.it/SJWsj
2024-04-19,https://boxd.it/2OFHJB
2024-04-19,https://boxd.it/1W8kCP
2024-04-19,https://boxd.it/2hWTTP
2024-04-19,https://boxd.it/2hraMn
2024-04-19,https://boxd.it/5WTIX
2024-04-19,https://boxd.it/5xMALv
2024-04-20,https://boxd.it/4UpLYN
2024-04-22,https://boxd.it/14GR7H
2024-04-22,https://boxd.it/LLLhl
2024-04-22,https://boxd.it/5ixpf
2024-04-22,https://boxd.it/1tmZ55
2024-04-22,https://boxd.it/1b1Rf3
2024-04-22,https://boxd.it/1e82cD
2024-04-22,https://boxd.it/1A1kuJ
2024-04-22,https://boxd.it/3pEnwD
2024-04-24,https://boxd.it/6kxzBF
2024-04-24,https://boxd.it/goEeT
2024-04-26,https://boxd.it/4ACD0r
2024-04-26,https://boxd.it/w7GBF
2024-04-26,https://boxd.it/9Jgfn
2024-04-26,https://boxd.it/1VPtun
2024-04-26,https://boxd.it/9gONZ
2024-04-26,https://boxd.it/kR8u5
2024-04-26,https://boxd.it/hd2J7
2024-04-26,https://boxd.it/dC3U5
2024-04-26,https://boxd.it/3rYqz
2024-04-26,https://boxd.it/1viuRx
2024-04-27,https://boxd.it/2UW44d
2024-04-27,https://boxd.it/5MEK8n
2024-04-27,https://boxd.it/5GE0Ur
2024-04-28,https://boxd.it/Lw6Vp
2024-04-28,https://boxd.it/JEmBt
2024-04-28,https://boxd.it/LSnFH
2024-04-28,https://boxd.it/3Mge8B
2024-04-28,https://boxd.it/22tKpD
2024-04-28,https://boxd.it/KLST3
2024-04-28,https://boxd.it/L0kyF
2024-05-03,https://boxd.it/1eoJLt
2024-05-03,https://boxd.it/15jTmx
2024-05-03,https://boxd.it/4hFQg3
2024-05-03,https://boxd.it/ilXd3
2024-05-03,https://boxd.it/3PpEin
2024-05-03,https://boxd.it/hSEE7
2024-05-03,https://boxd.it/1CwyQz
2024-05-03,https://boxd.it/1n9ssP
2024-05-03,https://boxd.it/1MBJaJ
2024-05-05,https://boxd.it/6m5zVd
2024-05-05,https://boxd.it/6djjEH
2024-05-05,https://boxd.it/6dPvft
2024-05-05,https://boxd.it/6mnekh
2024-05-05,https://boxd.it/6dkmc9
2024-05-05,https://boxd.it/6mf1WB
2024-05-05,https://boxd.it/5nd5U7
2024-05-05,https://boxd.it/5mSYOB
2024-05-06,https://boxd.it/5mpMzr
2024-05-06,https://boxd.it/5mMRCh
2024-05-06,https://boxd.it/5nGGov
2024-05-06,https://boxd.it/5m2TGD
2024-05-06,https://boxd.it/1jSet
2024-05-06,https://boxd.it/yPIfx
2024-05-06,https://boxd.it/1HcaNB
2024-05-06,https://boxd.it/3Vlj33
2024-05-06,https://boxd.it/3U5SDJ
2024-05-06,https://boxd.it/1AvmOV
2024-05-08,https://boxd.it/1fTq1n
2024-05-09,https://boxd.it/6dpQsL
2024-05-09,https://boxd.it/6e5uHD
2024-05-09,https://boxd.it/6lKnJR
2024-05-10,https://boxd.it/XsMYF
2024-05-10,https://boxd.it/2PQ7HP
2024-05-10,https://boxd.it/6pls9P
2024-05-10,https://boxd.it/2TgT1h
2024-05-10,https://boxd.it/3cQu5V
2024-05-10,https://boxd.it/3d1I0n
2024-05-10,https://boxd.it/3cGbFl
2024-05-10,https://boxd.it/3d0LyF
2024-05-10,https://boxd.it/3cG7QT
2024-05-10,https://boxd.it/3efhKF
2024-05-10,https://boxd.it/2ABDKr
2024-05-10,https://boxd.it/2Ao4E3
2024-05-10,https://boxd.it/2AESkf
2024-05-10,https://boxd.it/2zH9Cl
2024-05-10,https://boxd.it/5uTdPB
2024-05-10,https://boxd.it/5qKr6V
2024-05-10,https://boxd.it/5wIRtL
2024-05-10,https://boxd.it/5v2Xi7
2024-05-10,https://boxd.it/5xmAlP
2024-05-10,https://boxd.it/5uMdGb
2024-05-10,https://boxd.it/5xALQR
2024-05-10,https://boxd.it/5fxeul
2024-05-10,https://boxd.it/5fAvJN
2024-05-11,https://boxd.it/1zgnf9
2024-05-11,https://boxd.it/MbbEv
2024-05-11,https://boxd.it/6nmUkl
2024-05-12,https://boxd.it/aCV7T
2024-05-12,https://boxd.it/c9H8N
2024-05-12,https://boxd.it/aNMRl
2024-05-12,https://boxd.it/aTsKr
2024-05-12,https://boxd.it/1Zxpat
2024-05-13,https://boxd.it/4lkXnJ
2024-05-13,https://boxd.it/4mkA73
2024-05-13,https://boxd.it/4nn9LP
2024-05-13,https://boxd.it/4nT2mn
2024-05-13,https://boxd.it/3zBcG7
2024-05-13,https://boxd.it/24XMXl
2024-05-13,https://boxd.it/1Ja5xn
2024-05-13,https://boxd.it/1Co9sh
2024-05-13,https://boxd.it/1p7JcD
2024-05-13,https://boxd.it/1jY11j
2024-05-13,https://boxd.it/1jKnb3
2024-05-13,https://boxd.it/MvyDZ
2024-05-13,https://boxd.it/NwFTh
2024-05-13,https://boxd.it/NQQRh
2024-05-13,https://boxd.it/sR4Yd
2024-05-13,https://boxd.it/sqNsH
2024-05-13,https://boxd.it/l0VsP
2024-05-13,https://boxd.it/duNWv
2024-05-13,https://boxd.it/12sj99
2024-05-13,https://boxd.it/1EyuUT
2024-05-13,https://boxd.it/2UvvIv
2024-05-13,https://boxd.it/1k9no7
2024-05-13,https://boxd.it/1B7njl
2024-05-13,https://boxd.it/NlCvp
2024-05-13,https://boxd.it/j52XZ
2024-05-13,https://boxd.it/whhV1
2024-05-13,https://boxd.it/2QhbjB
2024-05-13,https://boxd.it/2tQIed
2024-05-13,https://boxd.it/J0fL7
2024-05-14,https://boxd.it/2SpQn
2024-05-14,https://boxd.it/1bt6D
2024-05-14,https://boxd.it/8CxDt
2024-05-14,https://boxd.it/1vsVxT
2024-05-14,https://boxd.it/1dDhb
2024-05-14,https://boxd.it/i9iH3
2024-05-14,https://boxd.it/dleBJ
2024-05-14,https://boxd.it/nvjBz
2024-05-14,https://boxd.it/jnoZz
2024-05-14,https://boxd.it/op3R9
2024-05-14,https://boxd.it/TXyhj
2024-05-14,https://boxd.it/UPeZ
2024-05-14,https://boxd.it/1nWfqT
2024-05-14,https://boxd.it/B05Mx
2024-05-14,https://boxd.it/sbMjT
2024-05-14,https://boxd.it/Mjbwx
2024-05-14,https://boxd.it/1iUr6n
2024-05-14,https://boxd.it/MMQvD
2024-05-14,https://boxd.it/jNfS7
2024-05-14,https://boxd.it/PDHRf
2024-05-14,https://boxd.it/KHxQJ
2024-05-14,https://boxd.it/uoscd
2024-05-14,https://boxd.it/4gCgJ
2024-05-14,https://boxd.it/1xZE0R
2024-05-14,https://boxd.it/33CUeb
2024-05-14,https://boxd.it/1N8gg5
2024-05-14,https://boxd.it/XnO1v
2024-05-14,https://boxd.it/kjIB
2024-05-14,https://boxd.it/1KxDF1
2024-05-14,https://boxd.it/jc6dl
2024-05-16,https://boxd.it/xBANp
2024-05-16,https://boxd.it/RY5Bj
2024-05-16,https://boxd.it/1QMh5p
2024-05-17,https://boxd.it/pX88b
2024-05-17,https://boxd.it/eZ6Xr
2024-05-17,https://boxd.it/x0EwD
2024-05-17,https://boxd.it/1ly8b7
2024-05-17,https://boxd.it/lUwHH
2024-05-17,https://boxd.it/2BAhJ
2024-05-17,https://boxd.it/2kbnX
2024-05-20,https://boxd.it/5OZrUH
2024-05-20,https://boxd.it/5PKhEt
2024-05-22,https://boxd.it/3JRLZF
2024-05-22,https://boxd.it/3Ju5R9
2024-05-22,https://boxd.it/Ct5u1
2024-05-22,https://boxd.it/rCjzN
2024-05-22,https://boxd.it/oklZF
2024-05-22,https://boxd.it/nFFjx
2024-05-22,https://boxd.it/fBRyz
2024-05-22,https://boxd.it/o8ZuN
2024-05-24,https://boxd.it/6wTdGl
2024-05-24,https://boxd.it/6wRHSx
2024-05-26,https://boxd.it/5rCnTx
2024-05-26,https://boxd.it/5n6jcT
2024-05-26,https://boxd.it/5mJgwl
2024-05-26,https://boxd.it/5fyU6x
2024-05-26,https://boxd.it/5mlpcB
2024-05-26,https://boxd.it/5beXLd
2024-05-26,https://boxd.it/5nQjSR
2024-05-26,https://boxd.it/5k4eRL
2024-05-26,https://boxd.it/5nl2tj
2024-05-29,https://boxd.it/Su41
2024-05-29,https://boxd.it/4iAFh
2024-05-29,https://boxd.it/2OGiyZ
2024-05-29,https://boxd.it/2OATT9
2024-05-29,https://boxd.it/mCqxf
2024-05-29,https://boxd.it/mIlS5
2024-05-31,https://boxd.it/1US89l
2024-05-31,https://boxd.it/1T5Vfb
2024-05-31,https://boxd.it/1VteoP
2024-05-31,https://boxd.it/1WfSVF
2024-05-31,https://boxd.it/1UCg8D
2024-05-31,https://boxd.it/1URDM7
2024-05-31,https://boxd.it/1WYvCZ
2024-05-31,https://boxd.it/1V9c65
2024-06-04,https://boxd.it/Wfshr
2024-06-04,https://boxd.it/VVG4V
2024-06-04,https://boxd.it/Wdren
2024-06-04,https://boxd.it/X0CYJ
2024-06-04,https://boxd.it/Wl5jL
2024-06-04,https://boxd.it/WazkR
2024-06-04,https://boxd.it/VVbmp
2024-06-04,https://boxd.it/GapWx
2024-06-06,https://boxd.it/LThFj
2024-06-06,https://boxd.it/NBBjJ
2024-06-07,https://boxd.it/5fm3Pv
2024-06-07,https://boxd.it/5gfm81
2024-06-07,https://boxd.it/5jPtD5
2024-06-07,https://boxd.it/5qvaCF
2024-06-07,https://boxd.it/5gGkm5
2024-06-07,https://boxd.it/5fxFFP
2024-06-07,https://boxd.it/5ghtvv
2024-06-07,https://boxd.it/5umwUf
2024-06-07,https://boxd.it/5jbX2t
2024-06-08,https://boxd.it/5fpKZf
2024-06-08,https://boxd.it/50MQs3
2024-06-08,https://boxd.it/2BdoZd
2024-06-10,https://boxd.it/3qioix
2024-06-10,https://boxd.it/3F9yJZ
2024-06-12,https://boxd.it/fFTXf
2024-06-13,https://boxd.it/1VbWxb
2024-06-13,https://boxd.it/6fYhcB
2024-06-13,https://boxd.it/6DJ06H
2024-06-13,https://boxd.it/19phrH
2024-06-13,https://boxd.it/5VGLFd
2024-06-13,https://boxd.it/35TZ6X
2024-06-15,https://boxd.it/1t9aNT
2024-06-15,https://boxd.it/1t9wYJ
2024-06-15,https://boxd.it/1tqLft
2024-06-15,https://boxd.it/1tERAZ
2024-06-15,https://boxd.it/1tcpYN
2024-06-15,https://boxd.it/1t5qjd
2024-06-15,https://boxd.it/1t5JvH
2024-06-15,https://boxd.it/1Q4Eoh
2024-06-15,https://boxd.it/6zaoZ1
2024-06-16,https://boxd.it/4WFvYd
2024-06-16,https://boxd.it/nhVs3
2024-06-16,https://boxd.it/oXL7H
2024-06-16,https://boxd.it/4uJ57
2024-06-16,https://boxd.it/vGE5
2024-06-20,https://boxd.it/6FgmSN
2024-06-20,https://boxd.it/6Fip8d
2024-06-20,https://boxd.it/6Fijkx
2024-06-20,https://boxd.it/6GvllH
2024-06-20,https://boxd.it/11oJnJ
2024-06-20,https://boxd.it/6DHWQJ
2024-06-20,https://boxd.it/2FkL4p
2024-06-20,https://boxd.it/UvVm5
2024-06-22,https://boxd.it/ukyBP
2024-06-22,https://boxd.it/tgzTX
2024-06-22,https://boxd.it/ukeV1
2024-06-24,https://boxd.it/2MAIzf
2024-06-24,https://boxd.it/2QZanZ
2024-06-25,https://boxd.it/V417
2024-06-25,https://boxd.it/qfZYZ
2024-06-25,https://boxd.it/nKD5t
2024-06-25,https://boxd.it/2q1pxB
2024-06-25,https://boxd.it/5VfFKd
2024-06-25,https://boxd.it/5T4WKf
2024-06-25,https://boxd.it/5V76Bf
2024-06-25,https://boxd.it/A4Ktv
2024-06-25,https://boxd.it/B7QZd
2024-06-25,https://boxd.it/IUMdl
2024-06-25,https://boxd.it/1t5aX7
2024-06-27,https://boxd.it/6x5fNn
2024-06-28,https://boxd.it/HXFPp
2024-06-28,https://boxd.it/LE5jP
2024-06-28,https://boxd.it/Kaf4V
2024-07-01,https://boxd.it/sNvSD
2024-07-02,https://boxd.it/6KrLOX
2024-07-02,https://boxd.it/6Ku8ZD
2024-07-02,https://boxd.it/6KD875
2024-07-02,https://boxd.it/6KUEm1
2024-07-02,https://boxd.it/6KSg9D
2024-07-02,https://boxd.it/a4kBp
2024-07-02,https://boxd.it/2qrHsV
2024-07-02,https://boxd.it/vT3Ul
2024-07-02,https://boxd.it/oQgkB
2024-07-02,https://boxd.it/3Qckj
2024-07-02,https://boxd.it/6LfrIb
2024-07-02,https://boxd.it/6KE9Ff
2024-07-02,https://boxd.it/6LFU0f
2024-07-02,https://boxd.it/6KujgJ
2024-07-02,https://boxd.it/ag7Pd
2024-07-02,https://boxd.it/KzEFn
2024-07-02,https://boxd.it/1b8RiZ
2024-07-02,https://boxd.it/1djq8N
2024-07-02,https://boxd.it/1b7CfT
2024-07-02,https://boxd.it/9cu6N
2024-07-02,https://boxd.it/cJcGL
2024-07-02,https://boxd.it/2Txybz
2024-07-03,https://boxd.it/5cSVMR
2024-07-03,https://boxd.it/5jwJdT
2024-07-03,https://boxd.it/5bnWR3
2024-07-03,https://boxd.it/5aw7EV
2024-07-03,https://boxd.it/5brb4L
2024-07-03,https://boxd.it/9SnZv
2024-07-03,https://boxd.it/8HMXN
2024-07-03,https://boxd.it/1gd3GR
2024-07-04,https://boxd.it/3eqcBZ
2024-07-04,https://boxd.it/3iEmWd
2024-07-04,https://boxd.it/5ypjjd
2024-07-04,https://boxd.it/5zPNUf
2024-07-04,https://boxd.it/5yoWKb
2024-07-04,https://boxd.it/5ys6Dl
2024-07-04,https://boxd.it/3v0K1H
2024-07-04,https://boxd.it/6bqUP
2024-07-04,https://boxd.it/3erfH
2024-07-04,https://boxd.it/6zBMOb
2024-07-04,https://boxd.it/1gLgi7
2024-07-04,https://boxd.it/5y77kd
2024-07-04,https://boxd.it/5y7t3X
2024-07-04,https://boxd.it/5z3821
2024-07-04,https://boxd.it/5z4fZV
2024-07-04,https://boxd.it/5ygsRF
2024-07-04,https://boxd.it/3eJmB
2024-07-04,https://boxd.it/6j0Jcl
2024-07-04,https://boxd.it/1lUF0v
2024-07-05,https://boxd.it/1UePvf
2024-07-05,https://boxd.it/6NUWkT
2024-07-07,https://boxd.it/28m0hX
2024-07-07,https://boxd.it/19JRYn
2024-07-09,https://boxd.it/6L6Rfh
2024-07-09,https://boxd.it/6KXEiT
2024-07-09,https://boxd.it/6LK4C7
2024-07-09,https://boxd.it/6L6c51
2024-07-09,https://boxd.it/6LpwoZ
2024-07-09,https://boxd.it/6NPn8t
2024-07-12,https://boxd.it/3klg9p
2024-07-12,https://boxd.it/3vUp43
2024-07-12,https://boxd.it/3pJg93
2024-07-12,https://boxd.it/3zqZBj
2024-07-12,https://boxd.it/3w9VLN
2024-07-12,https://boxd.it/3rA11t
2024-07-14,https://boxd.it/hagfJ
2024-07-17,https://boxd.it/nO4YL
2024-07-17,https://boxd.it/hjzGR
2024-07-17,https://boxd.it/h2U3n
2024-07-17,https://boxd.it/2fZFnX
2024-07-17,https://boxd.it/hqobd
2024-07-18,https://boxd.it/373Gf1
2024-07-18,https://boxd.it/36lRKr
2024-07-18,https://boxd.it/36NXSH
2024-07-18,https://boxd.it/34Emud
2024-07-18,https://boxd.it/6TEaJj
2024-07-19,https://boxd.it/MQCwb
2024-07-19,https://boxd.it/31eZfx
2024-07-19,https://boxd.it/1n1Kxx
2024-07-19,https://boxd.it/u8Xp1
2024-07-19,https://boxd.it/EbQMD
2024-07-20,https://boxd.it/6QdXl5
2024-07-20,https://boxd.it/6SXBJf
2024-07-20,https://boxd.it/18cV4X
2024-07-21,https://boxd.it/4BM44x
2024-07-21,https://boxd.it/4Cd0RT
2024-07-21,https://boxd.it/4E0b2z
2024-07-21,https://boxd.it/4BYNtV
2024-07-21,https://boxd.it/5ll9S3
2024-07-21,https://boxd.it/4EeMGT
2024-07-21,https://boxd.it/5hJKkp
2024-07-21,https://boxd.it/4BSpPh
2024-07-21,https://boxd.it/4CNsTb
2024-07-21,https://boxd.it/4BPFIb
2024-07-21,https://boxd.it/4CZlfR
2024-07-21,https://boxd.it/b8qxZ
2024-07-21,https://boxd.it/20GmZP
2024-07-21,https://boxd.it/3JNd6N
2024-07-22,https://boxd.it/mrhKd
2024-07-22,https://boxd.it/2DtTOv
2024-07-23,https://boxd.it/1Xl8fT
2024-07-23,https://boxd.it/oTJdl
2024-07-23,https://boxd.it/1z6czn
2024-07-23,https://boxd.it/2x9S01
2024-07-23,https://boxd.it/1wKZ3
2024-07-23,https://boxd.it/1h3xvD
2024-07-24,https://boxd.it/4Xc9b5
2024-07-24,https://boxd.it/6D7prz
2024-07-24,https://boxd.it/6EHwcR
2024-07-24,https://boxd.it/6El5lt
2024-07-24,https://boxd.it/6CpSst
2024-07-24,https://boxd.it/6BGFXD
2024-07-24,https://boxd.it/6D8kFD
2024-07-24,https://boxd.it/6Du8ST
2024-07-25,https://boxd.it/6RJ8w5
2024-07-25,https://boxd.it/1Ho0J
2024-07-25,https://boxd.it/6O6bi1
2024-07-25,https://boxd.it/1ZgMm9
2024-07-25,https://boxd.it/6SUbvZ
2024-07-26,https://boxd.it/rFtd
2024-07-27,https://boxd.it/Otm8z
2024-07-27,https://boxd.it/1Zziw7
2024-07-27,https://boxd.it/3IjbvH
2024-07-27,https://boxd.it/47TDuJ
2024-07-29,https://boxd.it/6YDXEl
2024-07-30,https://boxd.it/6WEIW9
2024-07-30,https://boxd.it/6XCIzp
2024-07-30,https://boxd.it/6WDYsH
2024-07-30,https://boxd.it/6Xxuen
2024-07-30,https://boxd.it/6WDCYL
2024-07-30,https://boxd.it/6XAr4Z
2024-07-30,https://boxd.it/6XfFBL
2024-07-30,https://boxd.it/6WRVaj
2024-07-31,https://boxd.it/12aQin
2024-07-31,https://boxd.it/41T3x
2024-07-31,https://boxd.it/V6aY1
2024-07-31,https://boxd.it/o9p8D
2024-07-31,https://boxd.it/2eXmQD
2024-07-31,https://boxd.it/SmG0d
2024-07-31,https://boxd.it/50KpUv
2024-07-31,https://boxd.it/1ardOb
2024-07-31,https://boxd.it/5zLPtd
2024-07-31,https://boxd.it/2vJdhf
2024-07-31,https://boxd.it/5Zppn
2024-07-31,https://boxd.it/5Qgybx
2024-07-31,https://boxd.it/u3j4d
2024-07-31,https://boxd.it/6WWd5p
2024-08-01,https://boxd.it/disZ5
2024-08-01,https://boxd.it/1hUxQx
2024-08-02,https://boxd.it/zmyCn
2024-08-04,https://boxd.it/1ZPHbl
2024-08-04,https://boxd.it/2dW1Jb
2024-08-04,https://boxd.it/2aWIPJ
2024-08-05,https://boxd.it/14WReb
2024-08-05,https://boxd.it/1kDR9h
2024-08-05,https://boxd.it/1zGZ7T
2024-08-05,https://boxd.it/3EQoqP
2024-08-05,https://boxd.it/104f
2024-08-05,https://boxd.it/1m21ah
2024-08-05,https://boxd.it/4rgo3l
2024-08-05,https://boxd.it/3WVhwD
2024-08-08,https://boxd.it/6T4Kyp
2024-08-08,https://boxd.it/6T84L5
2024-08-08,https://boxd.it/6SjX9j
2024-08-08,https://boxd.it/6TatJ3
2024-08-08,https://boxd.it/6Xd7fn
2024-08-08,https://boxd.it/6RiOUJ
2024-08-08,https://boxd.it/6Ub5g3
2024-08-08,https://boxd.it/6R7WGD
2024-08-08,https://boxd.it/6QwpKX
2024-08-10,https://boxd.it/71dA8V
2024-08-10,https://boxd.it/70WucD
2024-08-10,https://boxd.it/70UQx5
2024-08-10,https://boxd.it/71J7kH
2024-08-10,https://boxd.it/70PFZd
2024-08-10,https://boxd.it/711pjT
2024-08-10,https://boxd.it/w1u0F
2024-08-10,https://boxd.it/r8pPR
2024-08-11,https://boxd.it/42a7TR
2024-08-11,https://boxd.it/1lRiHb
2024-08-11,https://boxd.it/1W24nx
2024-08-11,https://boxd.it/6VKO7z
2024-08-14,https://boxd.it/12VVP1
2024-08-14,https://boxd.it/4Gffv
2024-08-14,https://boxd.it/2P8cAL
2024-08-15,https://boxd.it/14lfXX
2024-08-15,https://boxd.it/1p2rOJ
2024-08-15,https://boxd.it/1y2ilJ
2024-08-15,https://boxd.it/l2MOV
2024-08-16,https://boxd.it/1Wg6Zr
2024-08-16,https://boxd.it/1W5yDV
2024-08-16,https://boxd.it/1W6kfx
2024-08-16,https://boxd.it/1W75yh
2024-08-16,https://boxd.it/1RedSD
2024-08-16,https://boxd.it/1W9FPn
2024-08-16,https://boxd.it/2zUQtd
2024-08-16,https://boxd.it/1WsmhJ
2024-08-16,https://boxd.it/1W0Wuj
2024-08-16,https://boxd.it/1WCuTh
2024-08-19,https://boxd.it/vquhn
2024-08-19,https://boxd.it/4hIfp
2024-08-19,https://boxd.it/9uaxZ
2024-08-23,https://boxd.it/nl3xh
2024-08-23,https://boxd.it/K59ON
2024-08-23,https://boxd.it/2cuZPN
2024-08-23,https://boxd.it/k3i4L
2024-08-23,https://boxd.it/1WG01x
2024-08-23,https://boxd.it/1Hi2Jj
2024-08-23,https://boxd.it/1EmqeZ
2024-08-23,https://boxd.it/wYnNX
2024-08-23,https://boxd.it/do3W3
2024-08-23,https://boxd.it/4HGaVJ
2024-08-23,https://boxd.it/6tCLBX
2024-08-24,https://boxd.it/5eOp0L
2024-08-24,https://boxd.it/533uuX
2024-08-24,https://boxd.it/5i10gR
2024-08-24,https://boxd.it/5igmeX
2024-08-24,https://boxd.it/5hXi8D
2024-08-24,https://boxd.it/5k4GcV
2024-08-24,https://boxd.it/5ii4Ul
2024-08-24,https://boxd.it/5k9BJ1
2024-08-24,https://boxd.it/5n0l7p
2024-08-24,https://boxd.it/5i1FJP
2024-08-27,https://boxd.it/7bbiI3
2024-08-27,https://boxd.it/1tB84t
2024-08-27,https://boxd.it/1FpdvD
2024-08-27,https://boxd.it/1hBtHt
2024-08-27,https://boxd.it/1twmcV
2024-08-27,https://boxd.it/1iNGzv
2024-08-30,https://boxd.it/ilPc7
2024-08-30,https://boxd.it/20Z6hZ
2024-08-30,https://boxd.it/3guKR
2024-09-06,https://boxd.it/RGbbP
2024-09-06,https://boxd.it/SLMsR
2024-09-06,https://boxd.it/TzFPT
2024-09-08,https://boxd.it/2yPucv
2024-09-08,https://boxd.it/2BmenB
2024-09-08,https://boxd.it/23SqPF
2024-09-08,https://boxd.it/2AEEqt
2024-09-08,https://boxd.it/2zTDGB
2024-09-08,https://boxd.it/1Dwq4V
2024-09-10,https://boxd.it/1lQKsV
2024-09-10,https://boxd.it/1pzcXn
2024-09-10,https://boxd.it/a0cGj
2024-09-10,https://boxd.it/1NXrhl
2024-09-13,https://boxd.it/2n0StT
2024-09-13,https://boxd.it/2rRrHL
2024-09-13,https://boxd.it/29V9fb
2024-09-13,https://boxd.it/2zHA09
2024-09-16,https://boxd.it/6eAjb9
2024-09-20,https://boxd.it/C3PxN
2024-09-20,https://boxd.it/AfpNL
2024-09-20,https://boxd.it/nIBWL
2024-09-20,https://boxd.it/h88rt
2024-09-20,https://boxd.it/aU1fD
2024-09-20,https://boxd.it/1M3Ou7
2024-09-25,https://boxd.it/6izEW5
2024-09-25,https://boxd.it/6lqtDb
2024-09-25,https://boxd.it/6kB4qJ
2024-09-25,https://boxd.it/6kyMml
2024-09-25,https://boxd.it/6lRPHD
2024-09-26,https://boxd.it/5IIB4N
2024-09-26,https://boxd.it/5J9kaX
2024-09-26,https://boxd.it/5KWRD1
2024-09-26,https://boxd.it/5Ji2Xl
2024-09-26,https://boxd.it/5G1Khx
2024-09-26,https://boxd.it/5JOeNr
2024-09-26,https://boxd.it/5K19kl
2024-09-26,https://boxd.it/5Jar9J
2024-09-26,https://boxd.it/5Jtw7h
2024-09-26,https://boxd.it/6AdcdT
2024-09-26,https://boxd.it/5PnRS1
2024-09-29,https://boxd.it/3vRZG7
2024-09-29,https://boxd.it/3w4w0n
2024-09-29,https://boxd.it/kUzxB
2024-09-29,https://boxd.it/ApFEl
2024-09-29,https://boxd.it/vjknr
2024-09-29,https://boxd.it/hFGM7
2024-09-29,https://boxd.it/1zu6Lb
2024-09-29,https://boxd.it/1lwlyf
2024-09-30,https://boxd.it/1DufmF
2024-09-30,https://boxd.it/qs4w1
2024-09-30,https://boxd.it/j7QqZ
2024-10-01,https://boxd.it/qtBuz
2024-10-02,https://boxd.it/1KkGAn
2024-10-03,https://boxd.it/65mOjJ
2024-10-03,https://boxd.it/60aGMz
2024-10-03,https://boxd.it/65nVmd
2024-10-03,https://boxd.it/60f5gB
2024-10-03,https://boxd.it/5FjZqh
2024-10-03,https://boxd.it/5EeoCL
2024-10-03,https://boxd.it/5Yr9c5
2024-10-03,https://boxd.it/64e213
2024-10-03,https://boxd.it/66DEcr
2024-10-03,https://boxd.it/630KFT
2024-10-03,https://boxd.it/60eOAT
2024-10-03,https://boxd.it/61wB8x
2024-10-04,https://boxd.it/7p8bED
2024-10-04,https://boxd.it/7ernNV
2024-10-04,https://boxd.it/7qm4aj
2024-10-04,https://boxd.it/1IVPf5
2024-10-04,https://boxd.it/guaCj
2024-10-05,https://boxd.it/2dhC43
2024-10-05,https://boxd.it/1WVux
2024-10-05,https://boxd.it/2mlwUr
2024-10-05,https://boxd.it/2e4W7J
2024-10-05,https://boxd.it/GOA6H
2024-10-05,https://boxd.it/1osy6n
2024-10-05,https://boxd.it/Qifvn
2024-10-05,https://boxd.it/55iuWv
2024-10-05,https://boxd.it/2bn45P
2024-10-06,https://boxd.it/6NhTB5
2024-10-06,https://boxd.it/6Nxqot
2024-10-06,https://boxd.it/6PepkF
2024-10-06,https://boxd.it/6QJjQB
2024-10-06,https://boxd.it/6NQTI1
2024-10-06,https://boxd.it/6gvqv
2024-10-06,https://boxd.it/6O0Qe3
2024-10-06,https://boxd.it/affYv
2024-10-13,https://boxd.it/Mg5iD
2024-10-13,https://boxd.it/ayHGR
2024-10-13,https://boxd.it/aHVF7
2024-10-14,https://boxd.it/2wT3zn
2024-10-14,https://boxd.it/k8YyN
2024-10-14,https://boxd.it/1iKZpD
2024-10-20,https://boxd.it/12TJUJ
2024-10-20,https://boxd.it/16qhlT
2024-10-20,https://boxd.it/1iA4N
2024-10-20,https://boxd.it/RYZOt
2024-10-20,https://boxd.it/2plTHx
2024-10-20,https://boxd.it/EjVfP
2024-10-20,https://boxd.it/1dRWs9
2024-10-20,https://boxd.it/mfv5f
2024-10-20,https://boxd.it/fzL9p
2024-10-20,https://boxd.it/aOMrf
2024-10-20,https://boxd.it/vNnb
2024-10-20,https://boxd.it/uVTiN
2024-10-20,https://boxd.it/2m6wPr
2024-10-20,https://boxd.it/18Jqt
2024-10-20,https://boxd.it/2tRMur
2024-10-20,https://boxd.it/1uCSat
2024-10-20,https://boxd.it/6QhkhV
2024-10-20,https://boxd.it/6v8HCv
2024-10-20,https://boxd.it/6sbEo5
2024-10-20,https://boxd.it/6yblLD
2024-10-20,https://boxd.it/6tL0Et
2024-10-20,https://boxd.it/6uyU6b
2024-10-20,https://boxd.it/6uEDsh
2024-10-20,https://boxd.it/6A2GVf
2024-10-20,https://boxd.it/6sdCBb
2024-10-20,https://boxd.it/6uE7Aj
2024-10-22,https://boxd.it/3d9mur
2024-10-22,https://boxd.it/3dxqpD
2024-10-26,https://boxd.it/3ZoSTb
2024-10-26,https://boxd.it/3ZrJPZ
2024-10-26,https://boxd.it/42Ozd5
2024-10-26,https://boxd.it/43Iwgn
2024-10-26,https://boxd.it/41iEQN
2024-10-26,https://boxd.it/4crrYh
2024-10-26,https://boxd.it/440DsB
2024-10-26,https://boxd.it/4e4sTJ
2024-10-26,https://boxd.it/43AGsx
2024-10-26,https://boxd.it/413IRb
2024-10-26,https://boxd.it/43547z
2024-10-30,https://boxd.it/7C07j3
2024-11-03,https://boxd.it/5Jra55
2024-11-03,https://boxd.it/5MQtRJ
2024-11-03,https://boxd.it/4PgAt7
2024-11-03,https://boxd.it/5O2vab
2024-11-03,https://boxd.it/5N2tij
2024-11-03,https://boxd.it/5MA5R9
2024-11-03,https://boxd.it/5LIwE9
2024-11-03,https://boxd.it/5fXN7N
2024-11-03,https://boxd.it/4WWyNB
2024-11-03,https://boxd.it/4OweCz
2024-11-03,https://boxd.it/2KKbzj
2024-11-03,https://boxd.it/6ryLVx
2024-11-03,https://boxd.it/bxfBB
2024-11-03,https://boxd.it/6njsJ7
2024-11-03,https://boxd.it/62E1lb
2024-11-03,https://boxd.it/6nG0rP
2024-11-03,https://boxd.it/6pPcgZ
2024-11-03,https://boxd.it/IxarD
2024-11-03,https://boxd.it/gmKGF
2024-11-10,https://boxd.it/7F8SiJ
2024-11-10,https://boxd.it/7IcF7D
2024-11-10,https://boxd.it/7yMNyJ
2024-11-10,https://boxd.it/7AEVQX
2024-11-10,https://boxd.it/7DxecN
2024-11-10,https://boxd.it/7yMQKD
2024-11-10,https://boxd.it/7wz1PD
2024-11-10,https://boxd.it/7zB7W7
2024-11-10,https://boxd.it/7Fw5vH
2024-11-10,https://boxd.it/7KDNaH
2024-11-10,https://boxd.it/28kp4P
2024-11-10,https://boxd.it/kzUAf
2024-11-10,https://boxd.it/tAjL
2024-11-10,https://boxd.it/1qwELx
2024-11-10,https://boxd.it/borHt
2024-11-10,https://boxd.it/Rfinz
2024-11-10,https://boxd.it/UO0Px
2024-11-10,https://boxd.it/wwZMH
2024-11-10,https://boxd.it/1vubRn
2024-11-10,https://boxd.it/1dHmdR
2024-11-10,https://boxd.it/ioLrt
2024-11-10,https://boxd.it/2dLLUH
2024-11-10,https://boxd.it/xqYCj
2024-11-10,https://boxd.it/19yxJl
2024-11-10,https://boxd.it/1Vs0L9
2024-11-11,https://boxd.it/7Ltz6v
2024-11-12,https://boxd.it/6Xb8L1
2024-11-12,https://boxd.it/7gEJ7h
2024-11-12,https://boxd.it/70Dvmr
2024-11-12,https://boxd.it/6XbVnd
2024-11-12,https://boxd.it/70lfrJ
2024-11-12,https://boxd.it/70E3LZ
2024-11-12,https://boxd.it/70FRlf
2024-11-12,https://boxd.it/70FLgt
2024-11-12,https://boxd.it/70KDGX
2024-11-12,https://boxd.it/6Xc0yZ
2024-11-12,https://boxd.it/70uhMn
2024-11-12,https://boxd.it/70DByD
2024-11-12,https://boxd.it/6ZpwTp
2024-11-12,https://boxd.it/70Kr8T
2024-11-12,https://boxd.it/70CFSl
2024-11-13,https://boxd.it/7N4LnB
2024-11-14,https://boxd.it/1w2nPV
2024-11-14,https://boxd.it/30NSN
2024-11-14,https://boxd.it/2Dp7y7
2024-11-14,https://boxd.it/3ROyQV
2024-11-14,https://boxd.it/1Wc8cX
2024-11-14,https://boxd.it/1LYt3p
2024-11-17,https://boxd.it/70xKlL
2024-11-17,https://boxd.it/71MW8N
2024-11-17,https://boxd.it/74tQbl
2024-11-17,https://boxd.it/70x8fF
2024-11-17,https://boxd.it/74c2Ur
2024-11-17,https://boxd.it/70Ehuj
2024-11-17,https://boxd.it/74z5Gt
2024-11-17,https://boxd.it/73VsZt
2024-11-17,https://boxd.it/75oQmH
2024-11-17,https://boxd.it/74sd8l
2024-11-18,https://boxd.it/776DKt
2024-11-18,https://boxd.it/775fgn
2024-11-18,https://boxd.it/77m15z
2024-11-18,https://boxd.it/77aEtL
2024-11-18,https://boxd.it/76h1xp
2024-11-18,https://boxd.it/776oUj
2024-11-18,https://boxd.it/7a93oT
2024-11-18,https://boxd.it/7h5o67
2024-11-23,https://boxd.it/22lXSd
2024-11-23,https://boxd.it/aNQhr
2024-11-23,https://boxd.it/2TgjvZ
2024-11-23,https://boxd.it/1GjKtx
2024-11-23,https://boxd.it/1xG21p
2024-11-23,https://boxd.it/1wGZ2x
2024-11-23,https://boxd.it/1p8OmZ
2024-11-25,https://boxd.it/7NwJ1z
2024-11-25,https://boxd.it/7NBtZD
2024-11-25,https://boxd.it/7NWwEl
2024-11-25,https://boxd.it/7NWzwz
2024-11-25,https://boxd.it/7O7hKZ
2024-11-25,https://boxd.it/7NV2S1
2024-11-25,https://boxd.it/7O3IeX
2024-11-25,https://boxd.it/7NAzY5
2024-11-25,https://boxd.it/7NPMa3
2024-11-25,https://boxd.it/7O0XVV
2024-11-26,https://boxd.it/7TE2pN
2024-11-27,https://boxd.it/3CuPOx
2024-11-27,https://boxd.it/3dCigj
2024-11-27,https://boxd.it/3xQDn9
2024-11-27,https://boxd.it/3xNB8P
2024-11-27,https://boxd.it/3KuNlF
2024-11-27,https://boxd.it/3mXH3x
2024-11-27,https://boxd.it/3Ugn3R
2024-11-27,https://boxd.it/40FxYx
2024-11-27,https://boxd.it/3ch5EL
2024-11-27,https://boxd.it/3xYoRT
2024-11-28,https://boxd.it/rfBCT
2024-11-28,https://boxd.it/3Us6rL
2024-11-28,https://boxd.it/8p4G3
2024-11-29,https://boxd.it/7M9EEL
2024-11-29,https://boxd.it/7S8vSr
2024-11-29,https://boxd.it/7NtYaF
2024-11-29,https://boxd.it/7LWH2p
2024-12-01,https://boxd.it/T6ppx
2024-12-01,https://boxd.it/RCsGn
2024-12-01,https://boxd.it/RHGDR
2024-12-01,https://boxd.it/RBJr3
2024-12-01,https://boxd.it/SOGIP
2024-12-01,https://boxd.it/RurMD
2024-12-01,https://boxd.it/RwwJt
2024-12-01,https://boxd.it/Sw7TR
2024-12-01,https://boxd.it/RSddR
2024-12-01,https://boxd.it/RCqf5
2024-12-01,https://boxd.it/Sr6mR
2024-12-01,https://boxd.it/RQbir
2024-12-01,https://boxd.it/1uuovZ
2024-12-01,https://boxd.it/2kNk7l
2024-12-02,https://boxd.it/1EHSc5
2024-12-02,https://boxd.it/1GkY6T
2024-12-02,https://boxd.it/1NW6jt
2024-12-02,https://boxd.it/1ESyAj
2024-12-02,https://boxd.it/1suC1h
2024-12-02,https://boxd.it/1S1E1z
2024-12-03,https://boxd.it/m0kTD
2024-12-03,https://boxd.it/m1ZnP
2024-12-03,https://boxd.it/rDHcb
2024-12-03,https://boxd.it/nyIzf
2024-12-03,https://boxd.it/mplKR
2024-12-03,https://boxd.it/kCVKV
2024-12-03,https://boxd.it/mrJYH
2024-12-03,https://boxd.it/lMhsL
2024-12-03,https://boxd.it/mqkzb
2024-12-03,https://boxd.it/ldffP
2024-12-03,https://boxd.it/2JwnIl
2024-12-03,https://boxd.it/ty9qV
2024-12-03,https://boxd.it/mv6Qd
2024-12-03,https://boxd.it/la5jh
2024-12-03,https://boxd.it/ojMnr
2024-12-06,https://boxd.it/7YiVBb
2024-12-09,https://boxd.it/2hBC3Z
2024-12-09,https://boxd.it/2gB361
2024-12-09,https://boxd.it/2g56hx
2024-12-09,https://boxd.it/2gOE5Z
2024-12-09,https://boxd.it/2gvrwZ
2024-12-09,https://boxd.it/2h316f
2024-12-09,https://boxd.it/2g55WJ
2024-12-09,https://boxd.it/2gGwG3
2024-12-09,https://boxd.it/2gZhvx
2024-12-09,https://boxd.it/2hhN7N
2024-12-09,https://boxd.it/2d4qFF
2024-12-09,https://boxd.it/2gVL0V
2024-12-09,https://boxd.it/2gkM3H
2024-12-09,https://boxd.it/2hzbVr
2024-12-09,https://boxd.it/2gFyAp
2024-12-09,https://boxd.it/2gzpKj
2024-12-09,https://boxd.it/6RGCfx
2024-12-09,https://boxd.it/6OVLNL
2024-12-09,https://boxd.it/6RHemV
2024-12-09,https://boxd.it/6OI1Jn
2024-12-09,https://boxd.it/6Q1VAN
2024-12-09,https://boxd.it/6SWNAd
2024-12-09,https://boxd.it/6OvQkn
2024-12-09,https://boxd.it/6Po1Bd
2024-12-09,https://boxd.it/6P02mF
2024-12-09,https://boxd.it/6OGUn3
2024-12-09,https://boxd.it/6OMTWD
2024-12-09,https://boxd.it/6O0T2T
2024-12-09,https://boxd.it/2gGPxf
2024-12-09,https://boxd.it/7vUzMh
2024-12-09,https://boxd.it/7LdxL5
2024-12-09,https://boxd.it/7wdyZH
2024-12-09,https://boxd.it/7R8LVx
2024-12-09,https://boxd.it/7wdnp9
2024-12-09,https://boxd.it/7LvLcp
2024-12-09,https://boxd.it/7tcMF3
2024-12-09,https://boxd.it/7xszaz
2024-12-09,https://boxd.it/7QuYwv
2024-12-09,https://boxd.it/7LMRSv
2024-12-14,https://boxd.it/7Q7qJf
2024-12-14,https://boxd.it/7O2gwR
2024-12-14,https://boxd.it/7OH3xT
2024-12-14,https://boxd.it/7J8uud
2024-12-14,https://boxd.it/6uZhrD
2024-12-14,https://boxd.it/7NH7Gr
2024-12-14,https://boxd.it/7ODIgB
2024-12-14,https://boxd.it/7WaDI5
2024-12-14,https://boxd.it/7OscX7
2024-12-14,https://boxd.it/1Wwhq5
2024-12-14,https://boxd.it/1CVK0F
2024-12-15,https://boxd.it/OxEkr
2024-12-15,https://boxd.it/qiQKF
2024-12-15,https://boxd.it/ZMzCJ
2024-12-15,https://boxd.it/VXtJP
2024-12-15,https://boxd.it/xIQUF
2024-12-15,https://boxd.it/1ka74n
2024-12-15,https://boxd.it/k3Qvh
2024-12-15,https://boxd.it/Heu8J
2024-12-15,https://boxd.it/LD7tb
2024-12-15,https://boxd.it/2dp9uR
2024-12-15,https://boxd.it/kzOQ7
2024-12-15,https://boxd.it/QaZwl
2024-12-15,https://boxd.it/2IkvfN
2024-12-15,https://boxd.it/7UCkJr
2024-12-15,https://boxd.it/7Wf9OR
2024-12-15,https://boxd.it/7UGGjN
2024-12-15,https://boxd.it/7ULriZ
2024-12-15,https://boxd.it/7V5rkB
2024-12-15,https://boxd.it/7UCPb1
2024-12-15,https://boxd.it/7UHYXj
2024-12-15,https://boxd.it/7Y7er1
2024-12-15,https://boxd.it/2eRhg9
2024-12-15,https://boxd.it/81piID
2024-12-15,https://boxd.it/7UGLtN
2024-12-15,https://boxd.it/7UHo9n
2024-12-15,https://boxd.it/7UCtGh
2024-12-16,https://boxd.it/xKYH
2024-12-16,https://boxd.it/1MOM67
2024-12-16,https://boxd.it/3QxPKR
2024-12-16,https://boxd.it/ICjdP
2024-12-16,https://boxd.it/1RT1Qx
2024-12-16,https://boxd.it/4PhpKX
2024-12-16,https://boxd.it/398O1f
2024-12-16,https://boxd.it/5qIwn
2024-12-16,https://boxd.it/7q7C6v
2024-12-16,https://boxd.it/HKSvh
2024-12-16,https://boxd.it/80Esih
2024-12-16,https://boxd.it/7TeJCX
2024-12-16,https://boxd.it/7PZZoZ
2024-12-16,https://boxd.it/5ayxbT
2024-12-16,https://boxd.it/1Ir4Zv
2024-12-16,https://boxd.it/7LGqXV
2024-12-17,https://boxd.it/84jMlJ
2024-12-18,https://boxd.it/2cNgJ
2024-12-18,https://boxd.it/gRB3h
2024-12-19,https://boxd.it/7OoCQD
2024-12-19,https://boxd.it/7NN2I5
2024-12-19,https://boxd.it/7QruHR
2024-12-19,https://boxd.it/7OvC0h
2024-12-19,https://boxd.it/7NrV1h
2024-12-19,https://boxd.it/7PNezR
2024-12-19,https://boxd.it/7KSM8l
2024-12-19,https://boxd.it/7N8nCv
2024-12-21,https://boxd.it/7q8l7D
2024-12-21,https://boxd.it/7orbEH
2024-12-21,https://boxd.it/77qS6t
2024-12-21,https://boxd.it/7bia7H
2024-12-21,https://boxd.it/76CjkP
2024-12-23,https://boxd.it/smce1
2024-12-23,https://boxd.it/cG1el
2024-12-23,https://boxd.it/17EqDT
2024-12-23,https://boxd.it/SFDw9
2024-12-23,https://boxd.it/mH9s3
2024-12-23,https://boxd.it/iDKsl
2024-12-23,https://boxd.it/cDTDX
2024-12-23,https://boxd.it/mKDRN
2024-12-23,https://boxd.it/2mL3DX
2024-12-23,https://boxd.it/1y8Fot
2024-12-23,https://boxd.it/S8isz
2024-12-23,https://boxd.it/58C5qh
2024-12-23,https://boxd.it/1x1uDJ
2024-12-23,https://boxd.it/UC68P
2024-12-23,https://boxd.it/1vpoZJ
2024-12-23,https://boxd.it/CoQ0d
2024-12-23,https://boxd.it/1unaSr
2024-12-23,https://boxd.it/7YVpqj
2024-12-23,https://boxd.it/9IFjH
2024-12-23,https://boxd.it/IEhp
2024-12-23,https://boxd.it/zXl7b
2024-12-23,https://boxd.it/saQX7
2024-12-23,https://boxd.it/su4Vx
2024-12-23,https://boxd.it/wl3Ej
2024-12-23,https://boxd.it/aSzyb
2024-12-23,https://boxd.it/R7ZHB
2024-12-23,https://boxd.it/HouLB
2024-12-23,https://boxd.it/12ELrT
2024-12-23,https://boxd.it/378Aeh
2024-12-23,https://boxd.it/bFi6d
2024-12-23,https://boxd.it/zml6X
2024-12-23,https://boxd.it/1bXBCL
2024-12-23,https://boxd.it/aPqxn
2024-12-23,https://boxd.it/HotMt
2024-12-23,https://boxd.it/3m6Acr
2024-12-23,https://boxd.it/1isX2V
2024-12-23,https://boxd.it/1HsRBv
2024-12-23,https://boxd.it/JhjoP
2024-12-23,https://boxd.it/1bJvNb
2024-12-23,https://boxd.it/2pWrWD
2024-12-23,https://boxd.it/6raayD
2024-12-23,https://boxd.it/7bS92X
2024-12-23,https://boxd.it/v0d1F
2024-12-23,https://boxd.it/3OINf7
2024-12-23,https://boxd.it/2US7Sx
2024-12-25,https://boxd.it/1Xv5uB
2024-12-25,https://boxd.it/7How9l
2024-12-25,https://boxd.it/7VcG43
2024-12-25,https://boxd.it/86xOHt
2024-12-25,https://boxd.it/7GPL3d
2024-12-25,https://boxd.it/7UOFVR
2024-12-25,https://boxd.it/7XKvr7
2024-12-25,https://boxd.it/7HX7xn
2024-12-26,https://boxd.it/88Ywi3
2024-12-26,https://boxd.it/7Fm4Ot
2024-12-26,https://boxd.it/7UGbsf
2024-12-26,https://boxd.it/7FkDPn
2024-12-26,https://boxd.it/7OVRlB
2024-12-26,https://boxd.it/7GpsHB
2024-12-26,https://boxd.it/7GbxKn
2024-12-26,https://boxd.it/7Y2XoL
2024-12-26,https://boxd.it/7JEKpx
2024-12-26,https://boxd.it/7Ycip9
2024-12-26,https://boxd.it/7HDsfp
2024-12-28,https://boxd.it/1jfwAT
2024-12-28,https://boxd.it/5IeuJT
2024-12-28,https://boxd.it/43dkQL
2024-12-28,https://boxd.it/28TgTz
2024-12-28,https://boxd.it/VQeUf
2024-12-28,https://boxd.it/2Uu3jF
2024-12-28,https://boxd.it/63uEXR
2024-12-28,https://boxd.it/63wI25
2024-12-28,https://boxd.it/63zqHZ
2024-12-28,https://boxd.it/65Qgjl
2024-12-28,https://boxd.it/63uhll
2024-12-28,https://boxd.it/65Wz1x
2024-12-28,https://boxd.it/63tJBJ
2024-12-28,https://boxd.it/65Yl5p
2024-12-28,https://boxd.it/63xSRp
2024-12-28,https://boxd.it/641zLn
2024-12-29,https://boxd.it/7L4wR9
2024-12-29,https://boxd.it/7L3Xrb
2024-12-29,https://boxd.it/7R5F2v
2024-12-30,https://boxd.it/68DuuN
2024-12-30,https://boxd.it/3SsT9t
2024-12-30,https://boxd.it/qc6or
2024-12-30,https://boxd.it/MAAav
2024-12-30,https://boxd.it/QPPVH
2024-12-30,https://boxd.it/yS299
2024-12-30,https://boxd.it/7AP9X
2024-12-30,https://boxd.it/1UDS3j
2024-12-30,https://boxd.it/4VmGXX
2024-12-30,https://boxd.it/uub4N
2024-12-30,https://boxd.it/2RHPex
2024-12-30,https://boxd.it/qc5SF
2024-12-30,https://boxd.it/9HKm5
2024-12-30,https://boxd.it/1QpBHd
2024-12-30,https://boxd.it/26aEFX
2024-12-30,https://boxd.it/Aqin
2024-12-30,https://boxd.it/48RMtP
2024-12-30,https://boxd.it/7HsJfp
2024-12-30,https://boxd.it/866Cx3
2024-12-30,https://boxd.it/7BPQkj
2024-12-30,https://boxd.it/X2XHX
2024-12-30,https://boxd.it/2kHcd
2024-12-30,https://boxd.it/N0mj1
2024-12-30,https://boxd.it/FHkEb
2024-12-30,https://boxd.it/1CUdrr
2024-12-30,https://boxd.it/Pqra9
2024-12-30,https://boxd.it/PYOnX
2024-12-30,https://boxd.it/4bLT5F
2024-12-30,https://boxd.it/57tKXp
2024-12-30,https://boxd.it/2zKcYv
2024-12-30,https://boxd.it/29ngx
2024-12-30,https://boxd.it/2mk3h
2024-12-30,https://boxd.it/32CFx
2024-12-30,https://boxd.it/4zIGjJ
2024-12-30,https://boxd.it/2HU7Rh
2024-12-30,https://boxd.it/1QQWPL
2024-12-30,https://boxd.it/7LmHCv
2024-12-30,https://boxd.it/s1lQL
2024-12-30,https://boxd.it/8deZvj
2025-01-01,https://boxd.it/7HHNON
2025-01-01,https://boxd.it/87kfxV
2025-01-01,https://boxd.it/7rIFjb
2025-01-01,https://boxd.it/7pXA9x
2025-01-01,https://boxd.it/7fTXtn
2025-01-01,https://boxd.it/7tC2Xx
2025-01-01,https://boxd.it/7sznw3
2025-01-01,https://boxd.it/7s9MwF
2025-01-01,https://boxd.it/7tsF2l
2025-01-01,https://boxd.it/7rIxHp
2025-01-01,https://boxd.it/7tfnCJ
2025-01-01,https://boxd.it/82SxW3
2025-01-01,https://boxd.it/82ySJz
2025-01-01,https://boxd.it/82wUVN
2025-01-01,https://boxd.it/82wFql
2025-01-01,https://boxd.it/82x4nB
2025-01-01,https://boxd.it/82XCSl
2025-01-01,https://boxd.it/89KzOx
2025-01-01,https://boxd.it/85fptB
2025-01-01,https://boxd.it/82IFe9
2025-01-01,https://boxd.it/83MSPT
2025-01-01,https://boxd.it/85PnzT
2025-01-01,https://boxd.it/82BIhV
2025-01-01,https://boxd.it/7ZqnFt
2025-01-01,https://boxd.it/84LQLd
2025-01-01,https://boxd.it/83A0l7
2025-01-01,https://boxd.it/82zD3P
2025-01-01,https://boxd.it/8bLqr5
2025-01-01,https://boxd.it/140OUd
2025-01-01,https://boxd.it/1KNEnT
2025-01-01,https://boxd.it/3LB3cZ
2025-01-01,https://boxd.it/poQ8z
2025-01-02,https://boxd.it/t1pLz
2025-01-02,https://boxd.it/gpwIj
2025-01-02,https://boxd.it/gFj2h
2025-01-02,https://boxd.it/kmSrp
2025-01-02,https://boxd.it/1hmJHT
2025-01-02,https://boxd.it/3Sikcx
2025-01-02,https://boxd.it/7qfgBx
2025-01-02,https://boxd.it/1WtDiB
2025-01-04,https://boxd.it/b2CX9
2025-01-04,https://boxd.it/ntCW3
2025-01-04,https://boxd.it/25OR0p
2025-01-04,https://boxd.it/HXnf9
2025-01-05,https://boxd.it/3ZLdv9
2025-01-05,https://boxd.it/7M6wUZ
2025-01-05,https://boxd.it/416fIb
2025-01-05,https://boxd.it/7Gphsv
2025-01-05,https://boxd.it/7EdXYL
2025-01-05,https://boxd.it/7LzaOf
2025-01-05,https://boxd.it/7O7QSJ
2025-01-05,https://boxd.it/7FF7Gl
2025-01-05,https://boxd.it/7EH1tP
2025-01-06,https://boxd.it/7aicSL
2025-01-06,https://boxd.it/6vuGoV
2025-01-06,https://boxd.it/7gfeHj
2025-01-06,https://boxd.it/6vtQWB
2025-01-06,https://boxd.it/79IFe9
2025-01-06,https://boxd.it/6vsBlt
2025-01-06,https://boxd.it/7t17Cb
2025-01-06,https://boxd.it/7mrwGL
2025-01-06,https://boxd.it/8d2m2X
2025-01-06,https://boxd.it/8kdtf5
2025-01-06,https://boxd.it/7qP3Ev
2025-01-06,https://boxd.it/7sbzRz
2025-01-06,https://boxd.it/7jHLjR
2025-01-06,https://boxd.it/7l1Zc5
2025-01-10,https://boxd.it/jeMef
2025-01-10,https://boxd.it/12SJAx
2025-01-10,https://boxd.it/pYDiN
2025-01-10,https://boxd.it/1aER8l
2025-01-11,https://boxd.it/6kegDz
2025-01-11,https://boxd.it/6kzCYB
2025-01-11,https://boxd.it/46ICiV
2025-01-11,https://boxd.it/4ZcdLz
2025-01-11,https://boxd.it/671xFf
2025-01-11,https://boxd.it/6njr2B
2025-01-11,https://boxd.it/5I5ekP
2025-01-11,https://boxd.it/5HBIEb
2025-01-11,https://boxd.it/6ic3H7
2025-01-11,https://boxd.it/3KZggf
2025-01-11,https://boxd.it/1SaS4v
2025-01-11,https://boxd.it/34iLl7
2025-01-11,https://boxd.it/xozSR
2025-01-13,https://boxd.it/8qZnf9
2025-01-13,https://boxd.it/4x4b8x
2025-01-13,https://boxd.it/1fFt63
2025-01-13,https://boxd.it/oxaF1
2025-01-13,https://boxd.it/xe8Rd
2025-01-13,https://boxd.it/Nh7Pl
2025-01-13,https://boxd.it/GdLHl
2025-01-13,https://boxd.it/NbOSl
2025-01-13,https://boxd.it/20VtRD
2025-01-13,https://boxd.it/1dBGJV
2025-01-13,https://boxd.it/1BgWjX
2025-01-13,https://boxd.it/1gLrTN
2025-01-13,https://boxd.it/ldV11
2025-01-13,https://boxd.it/Dvw1X
2025-01-13,https://boxd.it/9kHH9
2025-01-13,https://boxd.it/M8c9x
2025-01-13,https://boxd.it/N8GH
2025-01-13,https://boxd.it/EDDUF
2025-01-13,https://boxd.it/siGaZ
2025-01-13,https://boxd.it/luShT
2025-01-13,https://boxd.it/lqvo5
2025-01-13,https://boxd.it/lw0j1
2025-01-13,https://boxd.it/lR9pJ
2025-01-13,https://boxd.it/2yUy4l
2025-01-13,https://boxd.it/lm7Bh
2025-01-13,https://boxd.it/lpGpB
2025-01-13,https://boxd.it/1oh8TB
2025-01-13,https://boxd.it/1b3Wqp
2025-01-13,https://boxd.it/lFaah
2025-01-19,https://boxd.it/n7Nfv
2025-01-19,https://boxd.it/2p8I4t
2025-01-19,https://boxd.it/2p8mfz
2025-01-20,https://boxd.it/YQOn
2025-01-20,https://boxd.it/8eBEZn
2025-01-20,https://boxd.it/3Y5FpP
2025-01-20,https://boxd.it/27ziJH
2025-01-20,https://boxd.it/209eQz
2025-01-20,https://boxd.it/25sXt9
2025-01-20,https://boxd.it/7UKryV
2025-01-20,https://boxd.it/7pQ6vp
2025-01-20,https://boxd.it/7rZtdJ
2025-01-20,https://boxd.it/7rKa9N
2025-01-20,https://boxd.it/7ptSwT
2025-01-20,https://boxd.it/5EO1hH
2025-01-20,https://boxd.it/76yzNZ
2025-01-20,https://boxd.it/5EN5UL
2025-01-20,https://boxd.it/5EP2gn
2025-01-20,https://boxd.it/8p2kCR
2025-01-20,https://boxd.it/5EZLL1
2025-01-20,https://boxd.it/7tp7wb
2025-01-20,https://boxd.it/7n3Mnh
2025-01-20,https://boxd.it/7Sm1a3
2025-01-20,https://boxd.it/8r5mXh
2025-01-20,https://boxd.it/7JJwob
2025-01-20,https://boxd.it/7utAfb
2025-01-20,https://boxd.it/7oiQzF
2025-01-20,https://boxd.it/7u1vor
2025-01-20,https://boxd.it/8x2AaV
2025-01-20,https://boxd.it/7JTmVf
2025-01-20,https://boxd.it/7K9U2Z
2025-01-21,https://boxd.it/17k6ez
2025-01-21,https://boxd.it/1s5qOr
2025-01-21,https://boxd.it/13Mhxd
2025-01-21,https://boxd.it/1EI3L1
2025-01-21,https://boxd.it/2scYfH
2025-01-21,https://boxd.it/1UoYOZ
2025-01-21,https://boxd.it/7H0yih
2025-01-21,https://boxd.it/7GRQP1
2025-01-23,https://boxd.it/8t2hHv
2025-01-23,https://boxd.it/8y7FE1
2025-01-24,https://boxd.it/iXvM1
2025-01-24,https://boxd.it/tR6Vf
2025-01-24,https://boxd.it/8m2Lsn
2025-01-24,https://boxd.it/8lSicF
2025-01-24,https://boxd.it/7s33TR
2025-01-24,https://boxd.it/8oJnFV
2025-01-24,https://boxd.it/8laQYF
2025-01-25,https://boxd.it/1c1iFT
2025-01-25,https://boxd.it/r1sz
2025-01-25,https://boxd.it/1GEZt5
2025-01-25,https://boxd.it/1CCoMz
2025-01-25,https://boxd.it/SXLWZ
2025-01-27,https://boxd.it/N8bYj
2025-01-27,https://boxd.it/1OFh1v
2025-01-27,https://boxd.it/12ajGV
2025-01-27,https://boxd.it/8vRG8l
2025-01-27,https://boxd.it/Gg9R
2025-01-27,https://boxd.it/8Sy1n
2025-01-27,https://boxd.it/bPM3t
2025-01-27,https://boxd.it/1eEmt9
2025-01-27,https://boxd.it/3d6LtH
2025-01-27,https://boxd.it/1zBGdD
2025-01-27,https://boxd.it/3U0XB
2025-01-28,https://boxd.it/5da46p
2025-01-28,https://boxd.it/Cb5Fx
2025-01-28,https://boxd.it/1qn6IL
2025-01-28,https://boxd.it/2xqSDV
2025-01-28,https://boxd.it/1P28rF
2025-01-28,https://boxd.it/1gkgkt
2025-01-28,https://boxd.it/1GMqPL
2025-01-30,https://boxd.it/uJE0Z
2025-01-30,https://boxd.it/1eCwBX
2025-01-30,https://boxd.it/FVFrF
2025-01-30,https://boxd.it/183fqJ
2025-01-30,https://boxd.it/Fn9Gl
2025-01-30,https://boxd.it/1QT7d3
2025-01-30,https://boxd.it/2RyGmp
2025-01-31,https://boxd.it/1I3kmh
2025-02-01,https://boxd.it/7wEFdJ
2025-02-01,https://boxd.it/8GxJ2J
2025-02-01,https://boxd.it/16aHOP
2025-02-01,https://boxd.it/aPL05
2025-02-02,https://boxd.it/7WdR9p
2025-02-02,https://boxd.it/7V7nh3
2025-02-02,https://boxd.it/7ZyD7X
2025-02-02,https://boxd.it/7XUzhZ
2025-02-02,https://boxd.it/7XYfKb
2025-02-02,https://boxd.it/7pOK2D
2025-02-02,https://boxd.it/7wpv2r
2025-02-02,https://boxd.it/7qkhmt
2025-02-02,https://boxd.it/7y4VeT
2025-02-02,https://boxd.it/7nj8Ef
2025-02-02,https://boxd.it/7pOpY7
2025-02-02,https://boxd.it/7wttQx
2025-02-02,https://boxd.it/7Nb46B
2025-02-02,https://boxd.it/7wVjlv
2025-02-02,https://boxd.it/8ywvxz
2025-02-02,https://boxd.it/7wq7Cn
2025-02-03,https://boxd.it/1W7upf
2025-02-03,https://boxd.it/9UWwR
2025-02-03,https://boxd.it/8kr32n
2025-02-03,https://boxd.it/8pHzUt
2025-02-03,https://boxd.it/3nE2AL
2025-02-04,https://boxd.it/2irueT
2025-02-04,https://boxd.it/4Mqb29
2025-02-04,https://boxd.it/1tHNy7
2025-02-04,https://boxd.it/2rxTTb
2025-02-04,https://boxd.it/38Qv9
2025-02-04,https://boxd.it/2QGwRJ
2025-02-04,https://boxd.it/1tms8F
2025-02-04,https://boxd.it/5mMSED
2025-02-06,https://boxd.it/4zEDD
2025-02-06,https://boxd.it/1iObFz
2025-02-06,https://boxd.it/5IiFe1
2025-02-06,https://boxd.it/psrIl
2025-02-06,https://boxd.it/5sSxtl
2025-02-06,https://boxd.it/2O0Z03
2025-02-06,https://boxd.it/1JEIL9
2025-02-09,https://boxd.it/7GT3nL
2025-02-09,https://boxd.it/3efbwH
2025-02-09,https://boxd.it/3efb8v
2025-02-09,https://boxd.it/3fF02n
2025-02-09,https://boxd.it/3er1Jb
2025-02-09,https://boxd.it/39KWPN
2025-02-09,https://boxd.it/3lAA4D
2025-02-09,https://boxd.it/3eQ78F
2025-02-09,https://boxd.it/3exn71
2025-02-09,https://boxd.it/3e7Qxv
2025-02-09,https://boxd.it/3puotZ
2025-02-09,https://boxd.it/3lEYG5
2025-02-09,https://boxd.it/3ewasj
2025-02-09,https://boxd.it/6SHRNv
2025-02-09,https://boxd.it/6NlAeT
2025-02-09,https://boxd.it/3eLrAf
2025-02-10,https://boxd.it/7adVd
2025-02-10,https://boxd.it/1vPJrv
2025-02-10,https://boxd.it/2GyB3D
2025-02-10,https://boxd.it/gkva1
2025-02-10,https://boxd.it/7sEjRB
2025-02-11,https://boxd.it/8vf6WN
2025-02-13,https://boxd.it/4PqbGb
2025-02-13,https://boxd.it/4OKsh
2025-02-13,https://boxd.it/17bTcf
2025-02-13,https://boxd.it/2AEgFp
2025-02-13,https://boxd.it/2iZgIN
2025-02-13,https://boxd.it/2j2nmb
2025-02-13,https://boxd.it/2d2i3p
2025-02-13,https://boxd.it/2i0ann
2025-02-13,https://boxd.it/2gpXNB
2025-02-13,https://boxd.it/2DpGhP
2025-02-13,https://boxd.it/2iAyxD
2025-02-13,https://boxd.it/2k5qvF
2025-02-13,https://boxd.it/2iOgZH
2025-02-13,https://boxd.it/2HX1QD
2025-02-13,https://boxd.it/2ixKwB
2025-02-13,https://boxd.it/2EsFid
2025-02-13,https://boxd.it/2iI9uv
2025-02-13,https://boxd.it/2iGpPl
2025-02-16,https://boxd.it/7HoqC7
2025-02-16,https://boxd.it/7ObcVB
2025-02-16,https://boxd.it/7FP8mL
2025-02-16,https://boxd.it/7HogBt
2025-02-16,https://boxd.it/7ItvKp
2025-02-17,https://boxd.it/6wxVOp
2025-02-17,https://boxd.it/6wQ5tR
2025-02-17,https://boxd.it/7iifgd
2025-02-17,https://boxd.it/6wwvWP
2025-02-17,https://boxd.it/84lBtr
2025-02-17,https://boxd.it/8lDUpd
2025-02-17,https://boxd.it/6wPGEv
2025-02-17,https://boxd.it/7TripN
2025-02-17,https://boxd.it/85SNoN
2025-02-17,https://boxd.it/7SGYH1
2025-02-18,https://boxd.it/NAwZ9
2025-02-20,https://boxd.it/2W9T
2025-02-20,https://boxd.it/1fV0un
2025-02-20,https://boxd.it/3KMWr
2025-02-20,https://boxd.it/4EJgw5
2025-02-20,https://boxd.it/4zYnZj
2025-02-21,https://boxd.it/6p44bN
2025-02-22,https://boxd.it/2yR9B9
2025-02-22,https://boxd.it/2zbo0d
2025-02-22,https://boxd.it/2ziOX5
2025-02-22,https://boxd.it/2zygrL
2025-02-22,https://boxd.it/2zb7AX
2025-02-22,https://boxd.it/2zpWln
2025-02-22,https://boxd.it/2IEXoN
2025-02-22,https://boxd.it/2zb1e7
2025-02-22,https://boxd.it/2IhtVr
2025-02-22,https://boxd.it/2z5DFt
2025-02-23,https://boxd.it/4vuBAh
2025-02-23,https://boxd.it/4ybQI5
2025-02-23,https://boxd.it/HWkU7
2025-02-23,https://boxd.it/11U3aR
2025-02-23,https://boxd.it/u6roV
2025-02-23,https://boxd.it/4OG4Cp
2025-02-23,https://boxd.it/4LHiZH
2025-02-23,https://boxd.it/4LMd8t
2025-02-23,https://boxd.it/uwQEB
2025-02-23,https://boxd.it/2CRqUj
2025-02-23,https://boxd.it/4MyR3z
2025-02-24,https://boxd.it/KkTJp
2025-02-24,https://boxd.it/1gdJxR
2025-02-24,https://boxd.it/38NdxL
2025-02-24,https://boxd.it/3ooVF
2025-02-24,https://boxd.it/5dDy8D
2025-02-24,https://boxd.it/1nBUWf
2025-03-01,https://boxd.it/y80kn
2025-03-01,https://boxd.it/2jukbP
2025-03-01,https://boxd.it/5N7Mnd
2025-03-01,https://boxd.it/46BanJ
2025-03-01,https://boxd.it/2sqKEL
2025-03-01,https://boxd.it/8BfWHp
2025-03-01,https://boxd.it/5Wpwoh
2025-03-01,https://boxd.it/IhM4Z
2025-03-01,https://boxd.it/gJClP
2025-03-01,https://boxd.it/1PDoH
2025-03-01,https://boxd.it/nmJnP
2025-03-01,https://boxd.it/1uYndl
2025-03-01,https://boxd.it/MpRy3
2025-03-01,https://boxd.it/GeB4v
2025-03-01,https://boxd.it/kJoYT
2025-03-01,https://boxd.it/bB8lp
2025-03-01,https://boxd.it/4mBpx
2025-03-01,https://boxd.it/tZVoR
2025-03-01,https://boxd.it/pBm4X
2025-03-01,https://boxd.it/1iAGln
2025-03-03,https://boxd.it/6Zxf8R
2025-03-03,https://boxd.it/6XFBFB
2025-03-03,https://boxd.it/71bgJt
2025-03-03,https://boxd.it/6XfVhx
2025-03-03,https://boxd.it/6Ynunt
2025-03-03,https://boxd.it/72pRlb
2025-03-03,https://boxd.it/75oPm7
2025-03-03,https://boxd.it/5IkP1P
2025-03-03,https://boxd.it/7cQwnJ
2025-03-03,https://boxd.it/74cxMD
2025-03-03,https://boxd.it/7b7Adf
2025-03-03,https://boxd.it/718kyD
2025-03-03,https://boxd.it/7iabt7
2025-03-03,https://boxd.it/70I9i3
2025-03-03,https://boxd.it/6UKgyn
2025-03-03,https://boxd.it/73JxFJ
2025-03-03,https://boxd.it/7gF88J
2025-03-03,https://boxd.it/76LKXx
2025-03-03,https://boxd.it/70HUdR
2025-03-03,https://boxd.it/5L59sB
2025-03-03,https://boxd.it/89WbnV
2025-03-03,https://boxd.it/7W0KIV
2025-03-03,https://boxd.it/7DEyxF
2025-03-03,https://boxd.it/7MkJiR
2025-03-03,https://boxd.it/7FsnrP
2025-03-03,https://boxd.it/8HsKzj
2025-03-06,https://boxd.it/9X41V
2025-03-06,https://boxd.it/26KtTV
2025-03-07,https://boxd.it/2ivh6Z
2025-03-07,https://boxd.it/E0IZd
2025-03-07,https://boxd.it/3FofJB
2025-03-07,https://boxd.it/2thgAF
2025-03-07,https://boxd.it/1xQ39z
2025-03-07,https://boxd.it/1znxNT
2025-03-07,https://boxd.it/6YySjx
2025-03-07,https://boxd.it/32GSm7
2025-03-09,https://boxd.it/8zDMh7
2025-03-10,https://boxd.it/2l7FhB
2025-03-10,https://boxd.it/2l3C63
2025-03-10,https://boxd.it/i7Adr
2025-03-10,https://boxd.it/pLXcJ
2025-03-10,https://boxd.it/NSUGV
2025-03-10,https://boxd.it/1ESbSz
2025-03-10,https://boxd.it/2BF2z
2025-03-10,https://boxd.it/2IyGnV
2025-03-10,https://boxd.it/Og0kx
2025-03-10,https://boxd.it/k7cMl
2025-03-10,https://boxd.it/8ZbcV
2025-03-11,https://boxd.it/2YfhG5
2025-03-11,https://boxd.it/4wDb63
2025-03-11,https://boxd.it/7KDK2v
2025-03-12,https://boxd.it/8KOp2J
2025-03-12,https://boxd.it/81yF0x
2025-03-12,https://boxd.it/8cfwR9
2025-03-12,https://boxd.it/821BPz
2025-03-12,https://boxd.it/7jgRwD
2025-03-12,https://boxd.it/7dupfX
2025-03-12,https://boxd.it/8f8CVJ
2025-03-12,https://boxd.it/7XkBaT
2025-03-12,https://boxd.it/7iXMij
2025-03-12,https://boxd.it/8qGWpb
2025-03-12,https://boxd.it/7ZNcEP
2025-03-12,https://boxd.it/8asj1d
2025-03-12,https://boxd.it/8bdDXF
2025-03-13,https://boxd.it/92WmGf
2025-03-13,https://boxd.it/8QsqK3
2025-03-13,https://boxd.it/8QvFAN
2025-03-13,https://boxd.it/93Ks1n
2025-03-13,https://boxd.it/8QZ1Qr
2025-03-13,https://boxd.it/93Aa8v
2025-03-13,https://boxd.it/8QwuMP
2025-03-13,https://boxd.it/8QA9IP
2025-03-13,https://boxd.it/91f5N9
2025-03-13,https://boxd.it/93cK1R
2025-03-13,https://boxd.it/930tK7
2025-03-13,https://boxd.it/8QmKSp
2025-03-13,https://boxd.it/9548Kh
2025-03-15,https://boxd.it/4nC0Wz
2025-03-15,https://boxd.it/4nxd6V
2025-03-15,https://boxd.it/4nB9I5
2025-03-15,https://boxd.it/4nArV5
2025-03-15,https://boxd.it/4nAcTj
2025-03-15,https://boxd.it/4nQKXh
2025-03-15,https://boxd.it/4nA9fv
2025-03-15,https://boxd.it/4nAbTx
2025-03-15,https://boxd.it/4ozFJ5
2025-03-15,https://boxd.it/4pighv
2025-03-15,https://boxd.it/4o70vZ
2025-03-15,https://boxd.it/4nTaRD
2025-03-15,https://boxd.it/4nyVnj
2025-03-16,https://boxd.it/4nKh1h
2025-03-16,https://boxd.it/4nEp3X
2025-03-16,https://boxd.it/4nC3n3
2025-03-16,https://boxd.it/4nAL2J
2025-03-16,https://boxd.it/4nCyIL
2025-03-16,https://boxd.it/4nBUIB
2025-03-16,https://boxd.it/4ny6Qf
2025-03-16,https://boxd.it/4nAyjR
2025-03-16,https://boxd.it/4o3Trv
2025-03-16,https://boxd.it/4nUHkJ
2025-03-16,https://boxd.it/4nBaA7
2025-03-16,https://boxd.it/4o3FpF
2025-03-16,https://boxd.it/4nOvbX
2025-03-16,https://boxd.it/4nAmEt
2025-03-16,https://boxd.it/4nACnX
2025-03-16,https://boxd.it/7Nt5J1
2025-03-16,https://boxd.it/7H7QcZ
2025-03-16,https://boxd.it/7GWMhT
2025-03-16,https://boxd.it/7GmSaR
2025-03-16,https://boxd.it/7DCCGn
2025-03-16,https://boxd.it/7H70zd
2025-03-16,https://boxd.it/7Iud9d
2025-03-16,https://boxd.it/7GHyqd
2025-03-16,https://boxd.it/7PpCAh
2025-03-16,https://boxd.it/7LNnWz
2025-03-20,https://boxd.it/q58hN
2025-03-20,https://boxd.it/jrZTh
2025-03-20,https://boxd.it/Blm29
2025-03-20,https://boxd.it/beUJ9
2025-03-20,https://boxd.it/2xyuX
2025-03-20,https://boxd.it/2NM21
2025-03-20,https://boxd.it/fJz2V
2025-03-20,https://boxd.it/22FVB5
2025-03-20,https://boxd.it/2OckzF
2025-03-20,https://boxd.it/2Fh0mb
2025-03-20,https://boxd.it/bJUnz
2025-03-20,https://boxd.it/bDzVt
2025-03-20,https://boxd.it/cr8Zt
2025-03-20,https://boxd.it/bXSaB
2025-03-20,https://boxd.it/6cvSrj
2025-03-20,https://boxd.it/2i0Rfh
2025-03-20,https://boxd.it/10AhEH
2025-03-20,https://boxd.it/8XjhYF
2025-03-24,https://boxd.it/cOKdX
2025-03-24,https://boxd.it/1zlxBf
2025-03-24,https://boxd.it/28wdJF
2025-04-01,https://boxd.it/1sxBnH
2025-04-01,https://boxd.it/UcjZF
2025-04-01,https://boxd.it/1a9llF
2025-04-01,https://boxd.it/2oTISX
2025-04-01,https://boxd.it/XKnI9
2025-04-06,https://boxd.it/2MNo4n
2025-04-06,https://boxd.it/w17lF
2025-04-11,https://boxd.it/6todv
2025-04-11,https://boxd.it/1guLeV
2025-04-11,https://boxd.it/1S0soT
2025-04-11,https://boxd.it/2pjpH9
2025-04-11,https://boxd.it/3TYEvH
2025-04-17,https://boxd.it/1d81JH
2025-04-17,https://boxd.it/3xofkf
2025-04-17,https://boxd.it/gw3Wl
2025-04-18,https://boxd.it/ycIGF
2025-04-18,https://boxd.it/2QC9Kx
2025-04-18,https://boxd.it/3Gko9
2025-04-18,https://boxd.it/r77hZ
2025-04-18,https://boxd.it/b5uxX
2025-04-18,https://boxd.it/3FCEH
2025-04-18,https://boxd.it/2DdOlr
2025-04-18,https://boxd.it/1Lc8ut
2025-04-18,https://boxd.it/u3uA5
2025-04-18,https://boxd.it/8I2gn5
2025-04-18,https://boxd.it/oyQsP
2025-04-19,https://boxd.it/9n1Dvj
2025-04-19,https://boxd.it/9mZUdd
2025-04-19,https://boxd.it/9mYEuF
2025-04-19,https://boxd.it/9mZWal
2025-04-19,https://boxd.it/9mYQvb
2025-04-19,https://boxd.it/9n1hUL
2025-04-19,https://boxd.it/9n3ZrH
2025-04-19,https://boxd.it/9nhb05
2025-04-19,https://boxd.it/9mZsUX
2025-04-19,https://boxd.it/9n0DSF
2025-04-19,https://boxd.it/9qrzlj
2025-04-19,https://boxd.it/5h137p
2025-04-19,https://boxd.it/5hKDcZ
2025-04-19,https://boxd.it/nQevX
2025-04-19,https://boxd.it/1nprQX
2025-04-21,https://boxd.it/4awTYV
2025-04-21,https://boxd.it/1q1RRL
2025-04-21,https://boxd.it/8RUQFN
2025-04-22,https://boxd.it/9mYmAP
2025-04-22,https://boxd.it/9n1RSB
2025-04-22,https://boxd.it/9n28It
2025-04-22,https://boxd.it/9mZAOt
2025-04-22,https://boxd.it/9mYUUT
2025-04-22,https://boxd.it/9mYQcX
2025-04-22,https://boxd.it/9n1M8X
2025-04-22,https://boxd.it/9n0Wpd
2025-04-22,https://boxd.it/9mYffl
2025-04-22,https://boxd.it/9nfUWT
2025-04-22,https://boxd.it/9n2MP5
2025-04-22,https://boxd.it/9pck23
2025-04-22,https://boxd.it/9n26lH
2025-04-23,https://boxd.it/xWK2b
2025-04-23,https://boxd.it/qYNyZ
2025-04-23,https://boxd.it/y2hST
2025-04-23,https://boxd.it/1owVBB
2025-04-23,https://boxd.it/y2grd
2025-04-23,https://boxd.it/PxvNX
2025-04-23,https://boxd.it/1r2Ser
2025-04-23,https://boxd.it/2bdYhH
2025-04-23,https://boxd.it/2sQybJ
2025-04-23,https://boxd.it/2b8P37
2025-04-23,https://boxd.it/2duuhJ
2025-04-23,https://boxd.it/1jwxet
2025-04-23,https://boxd.it/2cdw8V
2025-04-23,https://boxd.it/hzt0n
2025-04-23,https://boxd.it/7wVP0f
2025-04-23,https://boxd.it/1hM8uv
2025-04-23,https://boxd.it/1jhudR
2025-04-23,https://boxd.it/1Qc4zp
2025-04-23,https://boxd.it/2etK65
2025-04-23,https://boxd.it/3o5Olt
2025-04-23,https://boxd.it/1qU5kf
2025-04-23,https://boxd.it/2fsuLN
2025-04-23,https://boxd.it/7E29Xh
2025-04-23,https://boxd.it/5bWc0R
2025-04-25,https://boxd.it/4vZlH
2025-04-25,https://boxd.it/38IOdX
2025-04-25,https://boxd.it/1XAKTd
2025-04-25,https://boxd.it/1jjElZ
2025-04-25,https://boxd.it/58a3b
2025-04-25,https://boxd.it/AOPjd
2025-04-25,https://boxd.it/776HDV
2025-04-25,https://boxd.it/1JB0sL
2025-04-25,https://boxd.it/lmncH
2025-04-25,https://boxd.it/7M8ODL
2025-04-25,https://boxd.it/93FLGJ
2025-04-26,https://boxd.it/1ji7Z1
2025-04-26,https://boxd.it/9n1baR
2025-04-26,https://boxd.it/9n0dih
2025-04-26,https://boxd.it/9n1K6v
2025-04-26,https://boxd.it/9mKO4f
2025-04-26,https://boxd.it/9nctHV
2025-04-26,https://boxd.it/9n0THj
2025-04-26,https://boxd.it/9usvzJ
2025-04-27,https://boxd.it/F9bi3
2025-04-27,https://boxd.it/tCSj
2025-04-27,https://boxd.it/1sdWZ3
2025-04-27,https://boxd.it/1sDVHf
2025-04-27,https://boxd.it/1nZtn1
2025-04-27,https://boxd.it/JCB5
2025-04-27,https://boxd.it/1bkzC7
2025-04-27,https://boxd.it/MU9FL
2025-04-27,https://boxd.it/8v5ptl
2025-04-27,https://boxd.it/8uzRad
2025-04-27,https://boxd.it/8vqGfn
2025-04-27,https://boxd.it/8t9UwZ
2025-04-27,https://boxd.it/8rfEoz
2025-04-27,https://boxd.it/8zmmhh
2025-04-27,https://boxd.it/8rkx3T
2025-04-27,https://boxd.it/8vUwOx
2025-04-27,https://boxd.it/8CvF7P
2025-04-27,https://boxd.it/8vKVm9
2025-04-27,https://boxd.it/8wSFRF
2025-04-27,https://boxd.it/8w4pAj
2025-04-27,https://boxd.it/8v62s7
2025-04-27,https://boxd.it/8tfEYF
2025-04-27,https://boxd.it/8CfJej
2025-04-27,https://boxd.it/8xiSEr
2025-04-27,https://boxd.it/8B32mh
2025-04-27,https://boxd.it/9vUOR3
2025-04-28,https://boxd.it/1nDLx5
2025-04-28,https://boxd.it/1DzWBt
2025-04-30,https://boxd.it/4OPG73
2025-05-02,https://boxd.it/lCTXR
2025-05-02,https://boxd.it/3HfRRD
2025-05-02,https://boxd.it/jcXA3
2025-05-02,https://boxd.it/jzTot
2025-05-02,https://boxd.it/ODMb5
2025-05-02,https://boxd.it/lYTAn
2025-05-02,https://boxd.it/1jJxqv
2025-05-02,https://boxd.it/iEPSb
2025-05-02,https://boxd.it/1uNV8x
2025-05-02,https://boxd.it/26MlnB
2025-05-02,https://boxd.it/jvQtd
2025-05-02,https://boxd.it/yID7z
2025-05-02,https://boxd.it/178Cfb
2025-05-02,https://boxd.it/jrRA7
2025-05-02,https://boxd.it/GaY2p
2025-05-02,https://boxd.it/jraVh
2025-05-02,https://boxd.it/130u5l
2025-05-02,https://boxd.it/8X2X5t
2025-05-02,https://boxd.it/21EctT
2025-05-02,https://boxd.it/jDr1z
2025-05-02,https://boxd.it/45PU7V
2025-05-03,https://boxd.it/1gqB7H
2025-05-03,https://boxd.it/ftn1J
2025-05-03,https://boxd.it/3cILr
2025-05-03,https://boxd.it/i183B
2025-05-03,https://boxd.it/17OGJt
2025-05-03,https://boxd.it/99e2J
2025-05-03,https://boxd.it/1lZrID
2025-05-03,https://boxd.it/1dAEfH
2025-05-03,https://boxd.it/5osF5
2025-05-03,https://boxd.it/1lfujp
2025-05-03,https://boxd.it/10wODJ
2025-05-03,https://boxd.it/1duh8B
2025-05-04,https://boxd.it/XH7pz
2025-05-04,https://boxd.it/IGZNt
2025-05-06,https://boxd.it/PUYOr
2025-05-06,https://boxd.it/PU1UP
2025-05-06,https://boxd.it/f6QeB
2025-05-06,https://boxd.it/hFJYP
2025-05-06,https://boxd.it/7GNsDd
2025-05-06,https://boxd.it/9Ss79
2025-05-06,https://boxd.it/9uW1Q1
2025-05-07,https://boxd.it/7KDit
2025-05-07,https://boxd.it/73toZ
2025-05-07,https://boxd.it/ulWYP
2025-05-07,https://boxd.it/1gSLCL
2025-05-07,https://boxd.it/1o5vyd
2025-05-07,https://boxd.it/mIeKX
2025-05-07,https://boxd.it/pzew1
2025-05-07,https://boxd.it/IYy7r
2025-05-07,https://boxd.it/1q5q1L
2025-05-07,https://boxd.it/1lNnx3
2025-05-07,https://boxd.it/1INKKh
2025-05-07,https://boxd.it/kZnTb
2025-05-07,https://boxd.it/1NsRUV
2025-05-07,https://boxd.it/1Txbvj
2025-05-07,https://boxd.it/1i0uT1
2025-05-07,https://boxd.it/26KePp
2025-05-07,https://boxd.it/4fuown
2025-05-09,https://boxd.it/2SxqR
2025-05-09,https://boxd.it/6xax5
2025-05-09,https://boxd.it/8B6PS3
2025-05-09,https://boxd.it/3r5rx
2025-05-09,https://boxd.it/9VCT
2025-05-09,https://boxd.it/8IZHNH
2025-05-09,https://boxd.it/8IedIt
2025-05-09,https://boxd.it/8zYZEl
2025-05-09,https://boxd.it/8A2ykL
2025-05-09,https://boxd.it/8Aujt5
2025-05-09,https://boxd.it/8DSak9
2025-05-09,https://boxd.it/8FHjHH
2025-05-09,https://boxd.it/8HNZyR
2025-05-09,https://boxd.it/8GRCP5
2025-05-09,https://boxd.it/8zYiGt
2025-05-09,https://boxd.it/8AuqKx
2025-05-09,https://boxd.it/8JYDKr
2025-05-09,https://boxd.it/8AtQzt
2025-05-09,https://boxd.it/8DSgr1
